lr,epochs,acc,precision,recall,f1score,val_acc,val_precision,val_recall,val_f1score
0.01,2,0.6666052340582381,0.6697416156613983,0.6676325331332833,0.6658438752525795,0.668141592920354,0.6712714022923447,0.668521628653724,0.6669235791031937
0.01,4,0.6642093623295245,0.6675084161170708,0.6652710732030833,0.6633758477087892,0.668141592920354,0.6712714022923447,0.668521628653724,0.6669235791031937
1e-05,4,0.6273497972723922,0.6580085387687646,0.6309745914739555,0.6120955886252506,0.6312684365781711,0.6648488979777323,0.6325782956394616,0.6128192242678971
0.05,6,0.6192406929598231,0.6502635459636117,0.6229716396490427,0.6026102810639982,0.6209439528023599,0.6505272633744856,0.6222273466937007,0.602775732402618
