epochs,batch_size,hidden_neuron,lr,dropout,optimizer,losses,last_activation,loss,acc,precision,recall,f1score,val_loss,val_acc,val_precision,val_recall,val_f1score
20,128,128,0.0002,0.3,<class 'keras.optimizers.Adam'>,<function categorical_crossentropy at 0x7f547dfad598>,softmax,0.8243451523270836,0.6231617647058824,0.7014686831815995,0.49080882352941174,0.5768742653775343,1.0167218887287637,0.5200407608695652,0.5717944554660631,0.38009510869565216,0.45627180260160694
5,128,16,0.0002,0.4,<class 'keras.optimizers.RMSprop'>,<function categorical_crossentropy at 0x7f547dfad598>,softmax,0.9930600339078648,0.48174298128342247,0.6220613584161442,0.19648228609625668,0.2975551053323848,0.9891274675079014,0.4874320652173913,0.6580405598101409,0.19701086956521738,0.3026153497073961
10,64,32,0.002,0.3,<class 'keras.optimizers.RMSprop'>,<function categorical_crossentropy at 0x7f547dfad598>,softmax,0.8275483857790629,0.6220416666666667,0.7080624847412109,0.478,0.56896080493927,1.0134675528692163,0.5190217391304348,0.5691689239895862,0.399116847826087,0.4685461929310923
30,32,128,0.0002,0.2,<class 'keras.optimizers.RMSprop'>,<function categorical_crossentropy at 0x7f547dfad598>,softmax,0.807748116016388,0.630375,0.7107752558390299,0.4965833333333333,0.5825100690126419,1.0211448630978983,0.5191532258064516,0.5765092914463371,0.37298387096774194,0.4515794823246618
10,16,64,0.01,0.1,<class 'keras.optimizers.Nadam'>,<function categorical_crossentropy at 0x7f547dfad598>,softmax,0.3665705755588909,0.8521666666666666,0.8941575761636098,0.8124166666666667,0.8497713364561399,1.6998876011307864,0.4672459893048128,0.4757305164945954,0.4124331550802139,0.4407941784291344
30,256,32,0.0002,0.2,<class 'keras.optimizers.SGD'>,<function categorical_crossentropy at 0x7f547dfad598>,softmax,1.0986321421079739,0.315440188172043,0.0,0.0,0.0,1.0986482230099766,0.3220880681818182,0.0,0.0,0.0
